Workbook
Name Slicer_Room: #N/A

Sheet Raw Data
A1: Sample_ID | B1: Date | C1: Room | D1: Sample_Type | E1: CFU_Count | F1: Alert_Limit | G1: Action_Limit | H1: Status | J1: Metric | K1: Value | M1: Date | N1: Alert Limit | O1: Action Limit | P1: Average CFU
A2: EM-001 | B2: 46235 | C2: ISO7-A | D2: Air | E2: 2 | F2: 5 | G2: 10 | H2: =IF(E2>=G2,"Action",IF(E2>=F2,"Alert","Within Limit")) -> Within Limit | J2: Total Samples | K2: =COUNTA(Table1[Sample_ID]) -> 20 | M2: 46235 | N2: 5 | O2: 10 | P2: =GETPIVOTDATA("CFU_Count",'PivotTable 2'!$A$3,"Date",M2) -> 3
A3: EM-002 | B3: 46235 | C3: ISO7-B | D3: Surface | E3: 4 | F3: 5 | G3: 10 | H3: =IF(E3>=G3,"Action",IF(E3>=F3,"Alert","Within Limit")) -> Within Limit | J3: Total Alerts | K3: =COUNTIF(Table1[Status], "Alert") -> 5 | M3: 46236 | N3: 5 | O3: 10 | P3: =GETPIVOTDATA("CFU_Count",'PivotTable 2'!$A$3,"Date",M3) -> 3.5
A4: EM-003 | B4: 46236 | C4: ISO8-A | D4: Air | E4: 6 | F4: 5 | G4: 10 | H4: =IF(E4>=G4,"Action",IF(E4>=F4,"Alert","Within Limit")) -> Alert | J4: Total Actions | K4: =COUNTIF(Table1[Status],"Action") -> 3 | M4: 46237 | N4: 5 | O4: 10 | P4: =GETPIVOTDATA("CFU_Count",'PivotTable 2'!$A$3,"Date",M4) -> 11
A5: EM-004 | B5: 46236 | C5: ISO8-B | D5: Surface | E5: 1 | F5: 5 | G5: 10 | H5: =IF(E5>=G5,"Action",IF(E5>=F5,"Alert","Within Limit")) -> Within Limit | J5: Average CFU | K5: =AVERAGE(Table1[CFU_Count]) -> 4.75 | M5: 46238 | N5: 5 | O5: 10 | P5: =GETPIVOTDATA("CFU_Count",'PivotTable 2'!$A$3,"Date",M5) -> 3
A6: EM-005 | B6: 46237 | C6: ISO7-A | D6: Air | E6: 11 | F6: 5 | G6: 10 | H6: =IF(E6>=G6,"Action",IF(E6>=F6,"Alert","Within Limit")) -> Action | J6: % Within Limit | K6: =COUNTIF(Table1[Status],"Within Limit")/COUNTA(Table1[Sample_ID]) -> 0.6 | M6: 46239 | N6: 5 | O6: 10 | P6: =GETPIVOTDATA("CFU_Count",'PivotTable 2'!$A$3,"Date",M6) -> 8
A7: EM-006 | B7: 46238 | C7: ISO7-B | D7: Air | E7: 3 | F7: 5 | G7: 10 | H7: =IF(E7>=G7,"Action",IF(E7>=F7,"Alert","Within Limit")) -> Within Limit | M7: 46240 | N7: 5 | O7: 10 | P7: =GETPIVOTDATA("CFU_Count",'PivotTable 2'!$A$3,"Date",M7) -> 2
A8: EM-007 | B8: 46239 | C8: ISO8-A | D8: Surface | E8: 8 | F8: 5 | G8: 10 | H8: =IF(E8>=G8,"Action",IF(E8>=F8,"Alert","Within Limit")) -> Alert | M8: 46241 | N8: 5 | O8: 10 | P8: =GETPIVOTDATA("CFU_Count",'PivotTable 2'!$A$3,"Date",M8) -> 5
A9: EM-008 | B9: 46240 | C9: ISO8-B | D9: Air | E9: 2 | F9: 5 | G9: 10 | H9: =IF(E9>=G9,"Action",IF(E9>=F9,"Alert","Within Limit")) -> Within Limit | M9: 46242 | N9: 5 | O9: 10 | P9: =GETPIVOTDATA("CFU_Count",'PivotTable 2'!$A$3,"Date",M9) -> 1
A10: EM-009 | B10: 46241 | C10: ISO7-A | D10: Surface | E10: 5 | F10: 5 | G10: 10 | H10: =IF(E10>=G10,"Action",IF(E10>=F10,"Alert","Within Limit")) -> Alert | M10: 46243 | N10: 5 | O10: 10 | P10: =GETPIVOTDATA("CFU_Count",'PivotTable 2'!$A$3,"Date",M10) -> 12
A11: EM-010 | B11: 46242 | C11: ISO7-B | D11: Surface | E11: 1 | F11: 5 | G11: 10 | H11: =IF(E11>=G11,"Action",IF(E11>=F11,"Alert","Within Limit")) -> Within Limit | M11: 46244 | N11: 5 | O11: 10 | P11: =GETPIVOTDATA("CFU_Count",'PivotTable 2'!$A$3,"Date",M11) -> 4
A12: EM-011 | B12: 46243 | C12: ISO8-A | D12: Air | E12: 12 | F12: 5 | G12: 10 | H12: =IF(E12>=G12,"Action",IF(E12>=F12,"Alert","Within Limit")) -> Action | M12: 46245 | N12: 5 | O12: 10 | P12: =GETPIVOTDATA("CFU_Count",'PivotTable 2'!$A$3,"Date",M12) -> 3
A13: EM-012 | B13: 46244 | C13: ISO8-B | D13: Surface | E13: 4 | F13: 5 | G13: 10 | H13: =IF(E13>=G13,"Action",IF(E13>=F13,"Alert","Within Limit")) -> Within Limit | M13: 46246 | N13: 5 | O13: 10 | P13: =GETPIVOTDATA("CFU_Count",'PivotTable 2'!$A$3,"Date",M13) -> 6
A14: EM-013 | B14: 46245 | C14: ISO7-A | D14: Air | E14: 3 | F14: 5 | G14: 10 | H14: =IF(E14>=G14,"Action",IF(E14>=F14,"Alert","Within Limit")) -> Within Limit | M14: 46247 | N14: 5 | O14: 10 | P14: =GETPIVOTDATA("CFU_Count",'PivotTable 2'!$A$3,"Date",M14) -> 7
A15: EM-014 | B15: 46246 | C15: ISO7-B | D15: Air | E15: 6 | F15: 5 | G15: 10 | H15: =IF(E15>=G15,"Action",IF(E15>=F15,"Alert","Within Limit")) -> Alert | M15: 46248 | N15: 5 | O15: 10 | P15: =GETPIVOTDATA("CFU_Count",'PivotTable 2'!$A$3,"Date",M15) -> 0
A16: EM-015 | B16: 46247 | C16: ISO8-A | D16: Surface | E16: 7 | F16: 5 | G16: 10 | H16: =IF(E16>=G16,"Action",IF(E16>=F16,"Alert","Within Limit")) -> Alert | M16: 46249 | N16: 5 | O16: 10 | P16: =GETPIVOTDATA("CFU_Count",'PivotTable 2'!$A$3,"Date",M16) -> 2
A17: EM-016 | B17: 46248 | C17: ISO8-B | D17: Air | E17: 0 | F17: 5 | G17: 10 | H17: =IF(E17>=G17,"Action",IF(E17>=F17,"Alert","Within Limit")) -> Within Limit | M17: 46250 | N17: 5 | O17: 10 | P17: =GETPIVOTDATA("CFU_Count",'PivotTable 2'!$A$3,"Date",M17) -> 11
A18: EM-017 | B18: 46249 | C18: ISO7-A | D18: Surface | E18: 2 | F18: 5 | G18: 10 | H18: =IF(E18>=G18,"Action",IF(E18>=F18,"Alert","Within Limit")) -> Within Limit | M18: 46251 | N18: 5 | O18: 10 | P18: =GETPIVOTDATA("CFU_Count",'PivotTable 2'!$A$3,"Date",M18) -> 4
A19: EM-018 | B19: 46250 | C19: ISO7-B | D19: Surface | E19: 11 | F19: 5 | G19: 10 | H19: =IF(E19>=G19,"Action",IF(E19>=F19,"Alert","Within Limit")) -> Action | M19: 46252 | N19: 5 | O19: 10 | P19: =GETPIVOTDATA("CFU_Count",'PivotTable 2'!$A$3,"Date",M19) -> 3
A20: EM-019 | B20: 46251 | C20: ISO8-A | D20: Air | E20: 4 | F20: 5 | G20: 10 | H20: =IF(E20>=G20,"Action",IF(E20>=F20,"Alert","Within Limit")) -> Within Limit
A21: EM-020 | B21: 46252 | C21: ISO8-B | D21: Surface | E21: 3 | F21: 5 | G21: 10 | H21: =IF(E21>=G21,"Action",IF(E21>=F21,"Alert","Within Limit")) -> Within Limit

Sheet PivotTable - Avg CFU by Room
A3: Row Labels | B3: Average of CFU_Count
A4: ISO7-A | B4: 4.6
A5: ISO7-B | B5: 5
A6: ISO8-A | B6: 7.4
A7: ISO8-B | B7: 2
A8: Grand Total | B8: 4.75

Sheet PivotTable 2
A3: Row Labels | B3: Average of CFU_Count
A4: 46235 | B4: 3
A5: 46236 | B5: 3.5
A6: 46237 | B6: 11
A7: 46238 | B7: 3
A8: 46239 | B8: 8
A9: 46240 | B9: 2
A10: 46241 | B10: 5
A11: 46242 | B11: 1
A12: 46243 | B12: 12
A13: 46244 | B13: 4
A14: 46245 | B14: 3
A15: 46246 | B15: 6
... A21: 46252 | B21: 3
A22: Grand Total | B22: 4.75

Sheet Dashboard
A1: Environmental Monitoring Dashboard
A3: Total Samples | C3: Average CFU | E3: Total Alerts | G3: Total Actions | I3: % Within Limit
A4: ='Raw Data'!K2 -> 20 | C4: ='Raw Data'!K5 -> 4.75 | E4: ='Raw Data'!K3 -> 5 | G4: ='Raw Data'!K4 -> 3 | I4: ='Raw Data'!K6 -> 0.6
A27: Key Findings
A28: • ISO8-A had the highest average CFU count at 7.4.
A29: • Average CFU fluctuated over time, with Action-level results occurring on 8/3, 8/9, and 8/16.
A30: • 60% of samples remained within established limits, while 8 samples reached Alert or Action status.
A32: Recommendation
A33: • Continue trending ISO8-A and review Alert/Action results to determine whether a recurring pattern is present.
